customer_id,customer_name,date,gender
1,Marcelline,America/Bogota,Female
2,Lucais,Europe/Prague,Male
3,Braden,Asia/Kabul,Male
4,Sydelle,Asia/Damascus,Female
5,Joete,Africa/Accra,Female
6,Jule,America/Sao_Paulo,Male
7,Janot,Asia/Jakarta,Female
8,Carlita,America/Denver,Female
9,Katinka,Europe/Kaliningrad,Bigender
10,Wilie,Asia/Jakarta,Female
11,Lesley,Asia/Shanghai,Male
12,Idette,Europe/Warsaw,Female
13,Wolfgang,Asia/Chongqing,Male
14,Rene,America/Sao_Paulo,Female
15,Willetta,Asia/Jakarta,Female
16,Jessee,Europe/Prague,Male
17,Colet,America/Tegucigalpa,Male
18,Jasmina,Asia/Chongqing,Female
19,Calida,America/Mexico_City,Female
20,Conrado,Europe/Moscow,Genderqueer
21,Ben,Europe/Lisbon,Male
22,Auria,Asia/Makassar,Female
23,Eddie,Europe/Moscow,Female
24,Collete,Europe/Warsaw,Female
25,Gideon,Europe/Paris,Male
26,Bennie,Europe/Warsaw,Agender
27,Alfy,Asia/Chongqing,Female
28,Mendel,Asia/Jakarta,Male
29,Reeba,America/Mexico_City,Female
30,Zsa zsa,Asia/Chongqing,Female
31,Junia,Europe/Lisbon,Agender
32,Marney,Asia/Yekaterinburg,Female
33,Leann,Asia/Jakarta,Female
34,Alta,Asia/Ashgabat,Female
35,Darlleen,Europe/Copenhagen,Female
36,Othella,Asia/Bishkek,Female
37,Silvie,Europe/Lisbon,Female
38,Stephen,Europe/Paris,Male
39,Roland,Asia/Jakarta,Male
40,Lewie,Africa/Nairobi,Male
41,Lothario,Asia/Chongqing,Bigender
42,Sascha,Asia/Manila,Female
43,Carolyn,America/Lima,Female
44,Roosevelt,Europe/Warsaw,Male
45,Oona,America/Bogota,Female
46,Adda,America/Sao_Paulo,Female
47,Annmaria,Asia/Manila,Female
48,Roth,Asia/Beirut,Male
49,Hermie,America/Guayaquil,Male
50,Ardene,America/Maceio,Agender
51,Trevor,Asia/Jakarta,Male
52,Mick,Asia/Shanghai,Male
53,Mathias,Europe/Warsaw,Male
54,Anestassia,Asia/Jakarta,Female
55,Ichabod,Europe/Zaporozhye,Male
56,Morie,Asia/Phnom_Penh,Male
57,Cindee,Africa/Lome,Female
58,Phil,America/Argentina/Salta,Male
59,Kristofer,Asia/Chongqing,Male
60,Karin,Europe/Paris,Female
61,Hadley,Asia/Shanghai,Male
62,Jinny,Asia/Manila,Female
63,Durward,Asia/Ashgabat,Genderfluid
64,Curry,Asia/Manila,Male
65,Nevsa,Africa/Kampala,Female
66,Nealy,Asia/Urumqi,Male
67,Robenia,Europe/Lisbon,Female
68,Dawna,America/Costa_Rica,Non-binary
69,Tanner,Asia/Chongqing,Male
70,Hale,Europe/Zaporozhye,Male
71,Mikael,Asia/Pyongyang,Male
72,Clare,Africa/Lusaka,Female
73,Glynn,Asia/Chongqing,Male
74,Pieter,America/Belize,Male
75,Adrianna,Asia/Jakarta,Female
76,Evy,Europe/Sofia,Female
77,Maiga,America/St_Lucia,Female
78,Katy,America/New_York,Female
79,Dilan,America/Mexico_City,Male
80,Hansiain,Europe/Warsaw,Male
81,Tersina,Asia/Manila,Female
82,Valaree,Europe/Stockholm,Female
83,Lorenza,Asia/Chongqing,Female
84,Ewen,Asia/Shanghai,Male
85,Augustina,Asia/Jakarta,Female
86,Thibaud,Europe/Warsaw,Male
87,Menard,Asia/Ulaanbaatar,Male
88,Baily,Europe/Moscow,Male
89,Fairleigh,Asia/Shanghai,Male
90,Ichabod,America/Tegucigalpa,Male
91,Price,Europe/Paris,Male
92,Cullan,Europe/Amsterdam,Male
93,Fanya,America/Puerto_Rico,Female
94,Katherine,Europe/Stockholm,Female
95,Johny,Europe/Warsaw,Male
96,Orsola,Asia/Jakarta,Female
97,Chaddy,Africa/Douala,Male
98,Jack,America/Argentina/Cordoba,Male
99,Brittaney,Asia/Baku,Female
100,Bobinette,Asia/Bishkek,Female
